品番,使用工程
34989ECE030,#N/A
9036340A010,#N/A
35145ECE020,2.MGケース
33490ECB010,7.ファイナル前半
33490ECE010,7.ファイナル前半
35771ECB010,2.MGケース
35580ECB011,8.ファイナル後半
35771ECE010,2.MGケース
G1144ECB010,2.MGケース
G9201ECB030,8.ファイナル後半
G9201ECE010,8.ファイナル後半
35300ECB010,3.ギヤサブ・共通部品
G1144ECE010,2.MGケース
41310ECB010,1.デフ・大物ギヤ・Brg
41310ECE010,1.デフ・大物ギヤ・Brg
35174ECB010,2.MGケース
01912ECB040,8.ファイナル後半
019128GA010,8.ファイナル後半
82821ECE010,8.ファイナル後半
9031150A014,8.ファイナル後半
9031150A015,8.ファイナル後半
82821ECB040,8.ファイナル後半
82821ECB050,8.ファイナル後半
82821XAE010,8.ファイナル後半
82821CWA030,8.ファイナル後半
82821ECB020,8.ファイナル後半
01912ECB010,8.ファイナル後半
82821ECB010,8.ファイナル後半
82821XAE020,8.ファイナル後半
01912ECB060,8.ファイナル後半
Y021782011,8.ファイナル後半
1040183011P,8.ファイナル後半
34989ECB020,8.ファイナル後半
34989ECB030,8.ファイナル後半
9015906A022,8.ファイナル後半
9011606048,8.ファイナル後半
9030119A011,7.ファイナル前半
9093003179,7.ファイナル前半
34989ECB010,7.ファイナル前半
34989ECC010,7.ファイナル前半
34989ECE010,7.ファイナル前半
34989ECE020,7.ファイナル前半
9014908A008,7.ファイナル前半
9030119A010,7.ファイナル前半
9015906A021,7.ファイナル前半
9015906A023,7.ファイナル前半
9015905A007,7.ファイナル前半
G117362010,4.TA・カバー・メイン
35505ECB010,4.TA・カバー・メイン
35595ECB010,4.TA・カバー・メイン
35557ECB010,4.TA・カバー・メイン
G1174ECB010,4.TA・カバー・メイン
G1174ECE010,4.TA・カバー・メイン
35847ECE020,4.TA・カバー・メイン
35847ECB020,4.TA・カバー・メイン
9036345A004,4.TA・カバー・メイン
35501ECB010,4.TA・カバー・メイン
35556ECB010,4.TA・カバー・メイン
3559850A010,4.TA・カバー・メイン
82125ECE010,4.TA・カバー・メイン
9050827A011,4.TA・カバー・メイン
35409ECB010,4.TA・カバー・メイン
9010508A042,4.TA・カバー・メイン
3548255A010,4.TA・カバー・メイン
9034118090,4.TA・カバー・メイン
35195ECE010,4.TA・カバー・メイン
2030044001J,4.TA・カバー・メイン
9010508A014,4.TA・カバー・メイン
9094906A012,4.TA・カバー・メイン
9052409A003,4.TA・カバー・メイン
3519510A010,4.TA・カバー・メイン
9167180618,4.TA・カバー・メイン
35482TFA010,4.TA・カバー・メイン
9033904A002,4.TA・カバー・メイン
9014860027,4.TA・カバー・メイン
9030106A018,4.TA・カバー・メイン
9025006027,4.TA・カバー・メイン
82824ECB020,3.ギヤサブ・共通部品
9036340085,3.ギヤサブ・共通部品
9020150A002,3.ギヤサブ・共通部品
9020156A001,3.ギヤサブ・共通部品
9020156A002,3.ギヤサブ・共通部品
9010512A018,3.ギヤサブ・共通部品
5040056001E,3.ギヤサブ・共通部品
3040052001B,3.ギヤサブ・共通部品
9155180640,3.ギヤサブ・共通部品
9030117A010,3.ギヤサブ・共通部品
9155180614,3.ギヤサブ・共通部品
2030045013L,3.ギヤサブ・共通部品
9033904A003,3.ギヤサブ・共通部品
3539450A010,3.ギヤサブ・共通部品
9161140614,3.ギヤサブ・共通部品
9033106A003,3.ギヤサブ・共通部品
82824ECB010,2.MGケース
35174ECE010,2.MGケース
35847ECE010,2.MGケース
82824ECE010,2.MGケース
82824ECE010,2.MGケース
35441ECB010,2.MGケース
35882ECB010,2.MGケース
G1250ECB010,2.MGケース
G1250ECC010,2.MGケース
G1250ECE010,2.MGケース
35312ECB010,2.MGケース
G1163ECB010,2.MGケース
35847ECB010,2.MGケース
35174ECE020,2.MGケース
G1163ECE010,2.MGケース
35145ECB010,2.MGケース
35145ECE010,2.MGケース
82125ECB010,2.MGケース
35441TFA010,2.MGケース
36108ECB010,2.MGケース
1040052001Z,2.MGケース
9034118A024,2.MGケース
9025006A007,2.MGケース
35198ECE010,2.MGケース
35165ECE010,2.MGケース
2030052002N,2.MGケース
9034118060,2.MGケース
35195TFG010,2.MGケース
9034114A004,2.MGケース
35352ECB010,2.MGケース
9011906A065,2.MGケース
1040043104R,2.MGケース
9034108A006,2.MGケース
9034108A010,2.MGケース
9030111A014,2.MGケース
9030115A011,2.MGケース
9010506A089,2.MGケース
9010506A003,2.MGケース
9011906908,2.MGケース
9033114006,2.MGケース
9036324A003,1.デフ・大物ギヤ・Brg
9036324A005,1.デフ・大物ギヤ・Brg
9036324A004,1.デフ・大物ギヤ・Brg
9036658A002,1.デフ・大物ギヤ・Brg
9036659A009,1.デフ・大物ギヤ・Brg
9036659A010,1.デフ・大物ギヤ・Brg
9036630A018,1.デフ・大物ギヤ・Brg
9036658A001,1.デフ・大物ギヤ・Brg
9036628A005,1.デフ・大物ギヤ・Brg
9036652A003,1.デフ・大物ギヤ・Brg
9036652A004,1.デフ・大物ギヤ・Brg
9036628A007,1.デフ・大物ギヤ・Brg
9036630A017,1.デフ・大物ギヤ・Brg
9036628A006,1.デフ・大物ギヤ・Brg
9036628A008,1.デフ・大物ギヤ・Brg
